Id,Title,Labels,Iteration,Iteration Start,Iteration End,Type,Estimate,Current State,Created at,Accepted at,Deadline,Requested By,Description,URL,Owned By,Owned By,Comment,Comment,Task,Task Status,Task,Task Status,Task,Task Status,Task,Task Status,Task,Task Status,Task,Task Status,Task,Task Status,Task,Task Status
4731175,user review,user review,,,,epic,,,"Feb 19, 2021",,,,,https://www.pivotaltracker.com/epic/show/4731175,,,,,,,,,,,,,,,,,,,,
4731174,items sorting,items sorting,,,,epic,,,"Feb 19, 2021",,,,,https://www.pivotaltracker.com/epic/show/4731174,,,,,,,,,,,,,,,,,,,,
177296126,Log in,"",1,"Mar 29, 2021","Apr 4, 2021",feature,1,accepted,"Mar 11, 2021","Apr 3, 2021",,Eli Curme,"Log in: as a user, I want to log in to my account, so that I can access my account and orders.",https://www.pivotaltracker.com/story/show/177296126,Jungwoo Hwang,,"Given the user is on the log in page, when they enter in a valid username and password, they are logged in and taken to the home page (Eli Curme - Mar 11, 2021)","Can you add more details to the story, maybe saying as a user, I want to log in to my account, so that I can view my orders, chat with a seller, rate a seller, and post an item to sell. (pakbiyik - Mar 15, 2021)",create login page,not completed,add functionality,not completed,,,,,,,,,,,,
177033817,Item Categories,user friendly website,1,"Mar 29, 2021","Apr 4, 2021",feature,3,accepted,"Feb 22, 2021","Apr 3, 2021",,pakbiyik,"As a user, i want to be able to select the category of the items that i want to buy, so that i can filter and see only the group of items i am interested in purchasing. ",https://www.pivotaltracker.com/story/show/177033817,Jungwoo Hwang,,"Given the categories section at the front page, when the user selects the category, then the user can enter the location and the item that they are interested in in the search bar. Then the user can filter and see the items in their local area. (To test this,  we do units test and system tests to make sure there are no defects and the website runs successfully) (pakbiyik - Feb 23, 2021)",,"Edit front end code and create the categories (Clothes, Furniture, Electronics) ",not completed,Edit backend code to match list of items with the appropriate category ,not completed,Create a page for each category to add the search bars (Location and Item),not completed,Do unit tests and system tests to make sure the website executes properly,not completed,,,,,,,,
177011182,Sort products by price,items sorting,1,"Mar 29, 2021","Apr 4, 2021",feature,2,accepted,"Feb 19, 2021","Apr 3, 2021",,dtiyekba,"As a user, I would like to be able to sort items by price so I can choose the cheapest one",https://www.pivotaltracker.com/story/show/177011182,Jungwoo Hwang,,"Given the user is given list of products,
when they click on ""Sort"" icon, 
then they are given sorting options and on the options is ""sort by lowest price"". (dtiyekba - Feb 19, 2021)","Given the user clicked on ""Sort"" icon,
when they click on ""sort by lowest price"",
then items are listed by price from lowest to highest. (dtiyekba - Feb 19, 2021)",Choose fastest sorting algorithm - 1h,not completed,Dynamically return the output result - 3h,not completed,"Add ""sort"" icon and style it - 0.5h",not completed,"Add option ""sort by lowest price"" when sort icon is clicked and style it - 0.5h",not completed,Create the project class - 0.5h,not completed,,,,,,
176953774,Search Engine,"",1,"Mar 29, 2021","Apr 4, 2021",feature,3,accepted,"Feb 16, 2021","Apr 3, 2021",,Jungwoo Hwang,"As a user , I want to search items, so that I can purchase what I want.",https://www.pivotaltracker.com/story/show/176953774,Jungwoo Hwang,,"Given the users are on main page (header), 
when they fill the search engine with ""Location"" and click ""Search"" button,
then items traded in the location are displayed. (Jungwoo Hwang - Feb 16, 2021)","Given the user are on main page (header),
when they fill the search engine with ""Name of Item"" and click ""Search"" button,
then available items are displayed (with seller' username, location, price, etc). (Jungwoo Hwang - Feb 16, 2021)",Create front-end main page - 1h,not completed,Create front-end search engine in header -0.5h,not completed,Implement back-end search engine - unknown,not completed,Integration of front-end and back-end - unknown,not completed,,,,,,,,
176929438,Post item for sale,"",1,"Mar 29, 2021","Apr 4, 2021",feature,2,accepted,"Feb 12, 2021","Apr 3, 2021",,Eli Curme,"As a user, I want to post an item for sale, so that it can be purchased by another user.",https://www.pivotaltracker.com/story/show/176929438,Jungwoo Hwang,,"Given a user is on the home page, when they click the link to post a product, they will be directed to a page to enter in the product information. (Eli Curme - Feb 12, 2021)","Given a user is on the sell product form, when they enter in the product name, description, and price, and submit the form the product will then be added to the global inventory and become visible to other users. (Eli Curme - Feb 12, 2021)",Create front end page for sell product form - 2h,not completed,"Add back end functionality to accept the inputs, create a new item object, and adds it to the inventory data so it becomes viewable to others - 3h",not completed,Add option to attach photo on product form - 2h,not completed,,,,,,,,,,
176929293,Sign up,"",1,"Mar 29, 2021","Apr 4, 2021",feature,1,accepted,"Feb 12, 2021","Apr 3, 2021",,Eli Curme,"As a new user, I want to create a new account, so that I can access my orders or post an item for sale.",https://www.pivotaltracker.com/story/show/176929293,Jungwoo Hwang,,"Given the user is on the login page, when they click ""sign up"", they will be directed to the sign up page to enter in new account info (username, password, email, etc) (Eli Curme - Feb 12, 2021)","Given the user is on the signup page, when they fill all fields and click submit, provided the username is not taken, a new account will be generated with the information provided and the user will be logged in. (Eli Curme - Feb 12, 2021)",Create front end sign up page - 1h,not completed,Implement back end functionality to validate credentials - 2h,not completed,,,,,,,,,,,,
177027182,Password Security,security,1,"Mar 29, 2021","Apr 4, 2021",feature,1,accepted,"Feb 20, 2021","Apr 3, 2021",,fengche2,"As a user who is signing up the account, I want my password to be strong enough so that it won't be easily guessed by someone.",https://www.pivotaltracker.com/story/show/177027182,fengche2,Jungwoo Hwang,"Given a user an examination of password strength when they are signing up the account, then they can ensure if their password is strong enough. (fengche2 - Feb 20, 2021)","Given a user hints and requirements (e.g. length, special character, and etc.) when they are thinking of a password, then they can create a good password easily.  (fengche2 - Feb 20, 2021)",Password Strength - 0.5h,not completed,Encryption - 1h,not completed,Testing - 1h,not completed,,,,,,,,,,
177033727,Customer Service,user complaint,2,"Apr 5, 2021","Apr 11, 2021",feature,2,started,"Feb 22, 2021",,,pakbiyik,"As a user, I want to be able to submit a complaint about a seller so that i deal with reliable sellers.",https://www.pivotaltracker.com/story/show/177033727,Jungwoo Hwang,,"Given the customer service button at the footer, when the user wants to submit a complaint about a seller, a page will be displayed, and the user will enter their contact information and a message to the customer service. (To test this, we will do unit tests and system tests to make sure the front end and back end codes execute properly without any defect) (pakbiyik - Feb 23, 2021)",,Edit backend and create customer service class.,not completed,Edit frontend and Create a Customer Service button at the footer,not completed,"Create a new page and add user name, last name, email and message box for customers to fill up when they want to submit a complaint-2hr",not completed,Unit test to see if the customer service button works-1hr,not completed,,,,,,,,
177011283,Give seller review,user review,2,"Apr 5, 2021","Apr 11, 2021",feature,2,started,"Feb 19, 2021",,,dtiyekba,"As a user, I want to review a person from whom I bought an item so that others are aware of my experience.",https://www.pivotaltracker.com/story/show/177011283,Jungwoo Hwang,,"Given a user is on the ""order history"" page, when they click the ""review seller"" button, they will be presented with a 0-100 range to choose from with 0 being the lowest rating and 100 and excellent rating for the seller. (dtiyekba - Feb 19, 2021)","Given a user chose the rating from 0 to 100, when they click on the ""provide additional feedback:, they will be presented  a textbox to add feedback with the submit button below that. (dtiyekba - Feb 19, 2021)",Create review button and style it - 0.5h,not completed,Create 0-100 range list and style it - 0.5h,not completed,Create a textbox for feedback and style it - 0.5h,not completed,Create submit button and style it -0.5h,not completed,Add the logic to add review to other reviews of this particular seller to calculate the average review and display it - 1h,not completed,Add UI in form of temperature that changes the color from red to blue based on the rating - 1h,not completed,Write unit test - 1h,not completed,Create the project class - 0.5h,not completed
176953989,Chat System ,"",2,"Apr 5, 2021","Apr 11, 2021",feature,3,started,"Feb 16, 2021",,,Jungwoo Hwang,"As a buyer, I want to communicate via message (live chat) to a seller for direct transaction, so that buyer and seller can decide a price of item and time for meet up .",https://www.pivotaltracker.com/story/show/176953989,Jungwoo Hwang,,"Given the buyer is on item post (for purchase),
when they  click ""Message"" button,
then the buyer can have a chat with the seller for further purchase process. (Jungwoo Hwang - Feb 16, 2021)","Given the functions of Chat system is implemented,  when the users communicate via chat system,
then the users can send (text, photo, files, etc..) and delete messages.  (Jungwoo Hwang - Feb 16, 2021)","Create front-end ""message"" button in item post - 1h",not completed,Implement back-end chat system with essential functions -  10h,not completed,Integration and Testing - 4h,not completed,,,,,,,,,,
177027212,Chat Security,security,2,"Apr 5, 2021","Apr 11, 2021",feature,3,started,"Feb 20, 2021",,,fengche2,"As a user who is chatting with the seller, I want only I and my seller can read our messages so that my sensitive information like address or phone number won't be exposed to the public.",https://www.pivotaltracker.com/story/show/177027212,Jungwoo Hwang,,"Given the chat message encrypted when the buyer is chating to the seller, then only themselves will know the contents. (fengche2 - Feb 20, 2021)","Given a user delete account when they don't want to use the service, then all the information relates to the account cannot be recovered. (fengche2 - Feb 20, 2021)",Encrypt Contents of Chat -1h,not completed,Button for both buyer and seller download their chat. -1h,not completed,"Track the time that they finish trading, then delete chat information. -2h",not completed,Provide user a choice to delete account -1h,not completed,,,,,,,,
