ID,Type,Message,Performed By,Occurred At
177033727,story_update_activity,Eli Curme accepted this feature,Eli Curme,2021-04-28T13:25:58Z
177033727,story_update_activity,Eli Curme delivered this feature,Eli Curme,2021-04-28T13:25:55Z
177033727,story_update_activity,Eli Curme finished this feature,Eli Curme,2021-04-28T13:25:51Z
177027212,story_update_activity,Jungwoo Hwang unstarted this feature,Jungwoo Hwang,2021-04-27T21:02:18Z
177027212,story_update_activity,Jungwoo Hwang finished this feature,Jungwoo Hwang,2021-04-27T21:02:14Z
177027212,story_update_activity,Jungwoo Hwang started this feature,Jungwoo Hwang,2021-04-27T21:02:13Z
177033727,story_update_activity,Jungwoo Hwang started this feature,Jungwoo Hwang,2021-04-27T21:02:12Z
177011283,story_update_activity,Jungwoo Hwang started this feature,Jungwoo Hwang,2021-04-27T21:02:04Z
177938383,story_update_activity,Jungwoo Hwang accepted this feature,Jungwoo Hwang,2021-04-27T21:02:02Z
177938383,story_update_activity,Jungwoo Hwang delivered this feature,Jungwoo Hwang,2021-04-27T21:02:00Z
177938383,story_update_activity,Jungwoo Hwang finished this feature,Jungwoo Hwang,2021-04-27T21:01:59Z
177938383,story_update_activity,Jungwoo Hwang started this feature,Jungwoo Hwang,2021-04-27T21:01:58Z
177938399,story_update_activity,Jungwoo Hwang accepted this feature,Jungwoo Hwang,2021-04-27T21:01:57Z
177938399,story_update_activity,Jungwoo Hwang delivered this feature,Jungwoo Hwang,2021-04-27T21:01:55Z
177938399,story_update_activity,Jungwoo Hwang finished this feature,Jungwoo Hwang,2021-04-27T21:01:55Z
177938399,story_update_activity,Jungwoo Hwang started this feature,Jungwoo Hwang,2021-04-27T21:01:54Z
177938414,story_update_activity,Jungwoo Hwang accepted this feature,Jungwoo Hwang,2021-04-27T21:01:53Z
177938414,story_update_activity,Jungwoo Hwang delivered this feature,Jungwoo Hwang,2021-04-27T21:01:52Z
177938414,story_update_activity,Jungwoo Hwang finished this feature,Jungwoo Hwang,2021-04-27T21:01:51Z
177938414,story_update_activity,Jungwoo Hwang started this feature,Jungwoo Hwang,2021-04-27T21:01:51Z
177938441,story_update_activity,Jungwoo Hwang accepted this feature,Jungwoo Hwang,2021-04-27T21:01:49Z
177938441,story_update_activity,Jungwoo Hwang delivered this feature,Jungwoo Hwang,2021-04-27T21:01:47Z
177938441,story_update_activity,Jungwoo Hwang finished this feature,Jungwoo Hwang,2021-04-27T21:01:47Z
177938441,story_update_activity,Jungwoo Hwang started this feature,Jungwoo Hwang,2021-04-27T21:01:46Z
177938454,story_update_activity,Jungwoo Hwang accepted this feature,Jungwoo Hwang,2021-04-27T21:01:41Z
177938454,story_update_activity,Jungwoo Hwang delivered this feature,Jungwoo Hwang,2021-04-27T21:01:39Z
177938454,story_update_activity,Jungwoo Hwang finished this feature,Jungwoo Hwang,2021-04-27T21:01:38Z
177938454,story_update_activity,Jungwoo Hwang started this feature,Jungwoo Hwang,2021-04-27T21:01:36Z
176953989,story_update_activity,Jungwoo Hwang accepted this feature,Jungwoo Hwang,2021-04-27T21:01:32Z
176953989,story_update_activity,Jungwoo Hwang finished this feature,Jungwoo Hwang,2021-04-27T21:01:17Z
176953989,story_update_activity,Jungwoo Hwang started this feature,Jungwoo Hwang,2021-04-27T21:01:15Z
177938513,story_update_activity,Jungwoo Hwang edited this feature,Jungwoo Hwang,2021-04-27T20:59:51Z
177938513,story_create_activity,Jungwoo Hwang added this feature,Jungwoo Hwang,2021-04-27T20:59:34Z
177938414,task_update_activity,"Jungwoo Hwang rewrote task: ""Working with the searching algorithm - 2h""",Jungwoo Hwang,2021-04-27T20:58:01Z
177938454,task_update_activity,"Jungwoo Hwang rewrote task: ""Applying on the sorting algorithm to item data base. -2h""",Jungwoo Hwang,2021-04-27T20:57:40Z
177938454,task_update_activity,"Jungwoo Hwang rewrote task: ""Working on the sorting algorithm - 2h""",Jungwoo Hwang,2021-04-27T20:57:12Z
177938454,task_create_activity,"Jungwoo Hwang added task: ""Applying on the sorting algorithm to item data base. -2h""",Jungwoo Hwang,2021-04-27T20:57:08Z
177938454,task_create_activity,"Jungwoo Hwang added task: ""Working on the sorting algorithm - 2h""",Jungwoo Hwang,2021-04-27T20:57:06Z
177938454,task_update_activity,"Jungwoo Hwang rewrote task: ""Create a box for user to select the sorting method - 1h""",Jungwoo Hwang,2021-04-27T20:56:54Z
177938454,task_create_activity,"Jungwoo Hwang added task: ""Create a box for user to select the sorting method - 1h""",Jungwoo Hwang,2021-04-27T20:56:47Z
177938454,story_update_activity,Jungwoo Hwang edited this feature,Jungwoo Hwang,2021-04-27T20:56:16Z
177938454,story_update_activity,Jungwoo Hwang edited this feature,Jungwoo Hwang,2021-04-27T20:56:09Z
177938454,story_update_activity,Jungwoo Hwang estimated this feature as 2 points,Jungwoo Hwang,2021-04-27T20:55:51Z
177938454,story_create_activity,Jungwoo Hwang added this feature,Jungwoo Hwang,2021-04-27T20:55:38Z
177938441,task_update_activity,"Jungwoo Hwang rewrote task: ""Create a item post page - 2h """,Jungwoo Hwang,2021-04-27T20:55:25Z
177938441,task_update_activity,"Jungwoo Hwang rewrote task: ""Create a item post page - 3h """,Jungwoo Hwang,2021-04-27T20:55:17Z
177938441,task_create_activity,"Jungwoo Hwang added task: ""Create a item post page - 2h """,Jungwoo Hwang,2021-04-27T20:55:04Z
177938441,story_update_activity,Jungwoo Hwang edited this feature,Jungwoo Hwang,2021-04-27T20:54:40Z
177938441,story_update_activity,Jungwoo Hwang estimated this feature as 2 points,Jungwoo Hwang,2021-04-27T20:54:32Z
177938441,story_create_activity,Jungwoo Hwang added this feature,Jungwoo Hwang,2021-04-27T20:54:28Z
177938414,task_create_activity,"Jungwoo Hwang added task: ""Applying to item list data base - 2h""",Jungwoo Hwang,2021-04-27T20:54:03Z
177938414,task_create_activity,"Jungwoo Hwang added task: ""Working with the searching algorithm - 2h""",Jungwoo Hwang,2021-04-27T20:53:45Z
177938414,task_create_activity,"Jungwoo Hwang added task: ""Create a search button - 0.5h""",Jungwoo Hwang,2021-04-27T20:53:22Z
177938414,task_create_activity,"Jungwoo Hwang added task: ""Create a search bar - 0.5h""",Jungwoo Hwang,2021-04-27T20:53:11Z
177938414,story_update_activity,Jungwoo Hwang edited this feature,Jungwoo Hwang,2021-04-27T20:52:49Z
177938414,story_update_activity,Jungwoo Hwang estimated this feature as 2 points,Jungwoo Hwang,2021-04-27T20:52:41Z
177938414,story_create_activity,Jungwoo Hwang added this feature,Jungwoo Hwang,2021-04-27T20:52:34Z
177938399,task_create_activity,"Jungwoo Hwang added task: ""Create a sign up page - 2h""",Jungwoo Hwang,2021-04-27T20:52:18Z
177938399,story_update_activity,Jungwoo Hwang edited this feature,Jungwoo Hwang,2021-04-27T20:52:07Z
177938399,story_update_activity,Jungwoo Hwang estimated this feature as 1 point,Jungwoo Hwang,2021-04-27T20:51:42Z
177938399,story_create_activity,Jungwoo Hwang added this feature,Jungwoo Hwang,2021-04-27T20:51:40Z
177938383,task_create_activity,"Jungwoo Hwang added task: ""Create a sign up page - 2h""",Jungwoo Hwang,2021-04-27T20:50:34Z
177938383,story_update_activity,Jungwoo Hwang edited this feature,Jungwoo Hwang,2021-04-27T20:50:20Z
177938383,story_update_activity,Jungwoo Hwang estimated this feature as 2 points,Jungwoo Hwang,2021-04-27T20:50:14Z
177938383,story_create_activity,Jungwoo Hwang added this feature,Jungwoo Hwang,2021-04-27T20:50:11Z
177011283,story_update_activity,Jungwoo Hwang unstarted this feature,Jungwoo Hwang,2021-04-27T20:42:40Z
176953989,story_update_activity,Jungwoo Hwang unstarted this feature,Jungwoo Hwang,2021-04-27T20:42:34Z
176953989,story_update_activity,Jungwoo Hwang delivered this feature,Jungwoo Hwang,2021-04-27T20:42:28Z
176953989,story_update_activity,Jungwoo Hwang finished this feature,Jungwoo Hwang,2021-04-27T20:42:27Z
177027212,story_update_activity,Jungwoo Hwang unstarted this feature,Jungwoo Hwang,2021-04-27T20:42:26Z
177033727,story_update_activity,Jungwoo Hwang unstarted this feature,Jungwoo Hwang,2021-04-27T20:41:52Z
177027182,story_update_activity,Eli Curme accepted this feature,Eli Curme,2021-04-03T19:23:24Z
177027182,story_update_activity,Eli Curme delivered this feature,Eli Curme,2021-04-03T19:23:22Z
176929293,story_update_activity,Eli Curme accepted this feature,Eli Curme,2021-04-03T19:23:21Z
176929293,story_update_activity,Eli Curme delivered this feature,Eli Curme,2021-04-03T19:23:18Z
176929438,story_update_activity,Eli Curme accepted this feature,Eli Curme,2021-04-03T19:23:17Z
176929438,story_update_activity,Eli Curme delivered this feature,Eli Curme,2021-04-03T19:23:15Z
176953774,story_update_activity,Eli Curme accepted this feature,Eli Curme,2021-04-03T19:23:14Z
176953774,story_update_activity,Eli Curme delivered this feature,Eli Curme,2021-04-03T19:23:12Z
177027182,story_update_activity,Eli Curme finished this feature,Eli Curme,2021-04-03T19:23:11Z
176929293,story_update_activity,Eli Curme finished this feature,Eli Curme,2021-04-03T19:23:10Z
176929438,story_update_activity,Eli Curme finished this feature,Eli Curme,2021-04-03T19:23:09Z
176953774,story_update_activity,Eli Curme finished this feature,Eli Curme,2021-04-03T19:23:08Z
177011182,story_update_activity,Eli Curme accepted this feature,Eli Curme,2021-04-03T19:22:39Z
177011182,story_update_activity,Eli Curme delivered this feature,Eli Curme,2021-04-03T19:22:37Z
177011182,story_update_activity,Eli Curme finished this feature,Eli Curme,2021-04-03T19:22:35Z
177033817,story_update_activity,Eli Curme accepted this feature,Eli Curme,2021-04-03T19:22:25Z
177033817,story_update_activity,Eli Curme delivered this feature,Eli Curme,2021-04-03T19:22:19Z
177033817,story_update_activity,Eli Curme finished this feature,Eli Curme,2021-04-03T19:22:17Z
177296126,story_update_activity,Eli Curme accepted this feature,Eli Curme,2021-04-03T19:19:48Z
177296126,story_update_activity,Eli Curme delivered this feature,Eli Curme,2021-04-03T19:19:27Z
177296126,story_update_activity,Eli Curme finished this feature,Eli Curme,2021-04-03T19:19:17Z
177027212,story_update_activity,Jungwoo Hwang started this feature,Jungwoo Hwang,2021-03-31T18:08:19Z
177027182,story_update_activity,Jungwoo Hwang started this feature,Jungwoo Hwang,2021-03-31T18:08:18Z
176929293,story_update_activity,Jungwoo Hwang started this feature,Jungwoo Hwang,2021-03-31T18:08:18Z
176929438,story_update_activity,Jungwoo Hwang started this feature,Jungwoo Hwang,2021-03-31T18:08:17Z
176953774,story_update_activity,Jungwoo Hwang started this feature,Jungwoo Hwang,2021-03-31T18:08:17Z
176953989,story_update_activity,Jungwoo Hwang started this feature,Jungwoo Hwang,2021-03-31T18:08:17Z
177011182,story_update_activity,Jungwoo Hwang started this feature,Jungwoo Hwang,2021-03-31T18:08:16Z
177011283,story_update_activity,Jungwoo Hwang started this feature,Jungwoo Hwang,2021-03-31T18:08:15Z
177033817,story_update_activity,Jungwoo Hwang started this feature,Jungwoo Hwang,2021-03-31T18:08:09Z
177033727,story_update_activity,Jungwoo Hwang started this feature,Jungwoo Hwang,2021-03-31T18:08:08Z
177296126,story_update_activity,Jungwoo Hwang started this feature,Jungwoo Hwang,2021-03-31T18:08:03Z
177296126,comment_create_activity,"pakbiyik added comment: ""Can you add more details to the story, maybe saying as a user, I want to log in to my account, so that I can view my orders, chat with a seller, rate a seller, and post an item to sell.""",pakbiyik,2021-03-15T14:58:50Z
177296126,story_update_activity,Eli Curme estimated this feature as 1 point,Eli Curme,2021-03-11T00:58:12Z
177296126,story_create_activity,Eli Curme added this feature,Eli Curme,2021-03-11T00:58:06Z
177027212,comment_update_activity,fengche2 edited this comment,fengche2,2021-03-08T03:10:56Z
177027212,story_update_activity,fengche2 edited this feature,fengche2,2021-03-08T03:07:29Z
177027182,story_update_activity,fengche2 edited this feature,fengche2,2021-03-08T03:06:30Z
177027182,task_create_activity,"fengche2 added task: ""Testing - 1h""",fengche2,2021-03-08T03:00:41Z
177027182,task_create_activity,"fengche2 added task: ""Encryption - 1h""",fengche2,2021-03-08T03:00:41Z
177027182,task_delete_activity,fengche2 deleted a task on this story,fengche2,2021-03-08T03:00:41Z
177027182,task_delete_activity,fengche2 deleted a task on this story,fengche2,2021-03-08T03:00:40Z
177027182,task_delete_activity,fengche2 deleted a task on this story,fengche2,2021-03-08T03:00:03Z
177027182,comment_update_activity,fengche2 edited this comment,fengche2,2021-03-08T02:59:54Z
177027182,comment_update_activity,fengche2 edited this comment,fengche2,2021-03-08T02:59:16Z
177027182,comment_update_activity,fengche2 edited this comment,fengche2,2021-03-08T02:58:19Z
177027182,story_update_activity,fengche2 edited this feature,fengche2,2021-03-08T02:55:07Z
177027182,story_update_activity,fengche2 edited this feature,fengche2,2021-03-08T02:52:10Z
177033727,task_update_activity,"pakbiyik rewrote task: ""Edit frontend and Create a Customer Service button at the footer""",pakbiyik,2021-02-23T21:39:07Z
177033727,task_update_activity,"pakbiyik rewrote task: ""Edit backend and create customer service class.""",pakbiyik,2021-02-23T21:38:35Z
177033817,story_update_activity,pakbiyik edited this feature,pakbiyik,2021-02-23T18:24:38Z
177033817,task_create_activity,"pakbiyik added task: ""Do unit tests and system tests to make sure the website executes properly""",pakbiyik,2021-02-23T18:20:43Z
177033817,task_create_activity,"pakbiyik added task: ""Create a page for each category to add the search bars (Location and Item)""",pakbiyik,2021-02-23T18:19:54Z
177033817,task_create_activity,"pakbiyik added task: ""Edit backend code to match list of items with the appropriate category """,pakbiyik,2021-02-23T18:19:22Z
177033817,task_update_activity,"pakbiyik rewrote task: ""Edit front end code and create the categories (Clothes, Furniture, Electronics) """,pakbiyik,2021-02-23T18:18:06Z
177033817,task_create_activity,"pakbiyik added task: ""Edit front end code and create the categories (Clothes, Furniture, Electronics) """,pakbiyik,2021-02-23T18:17:22Z
177033817,task_delete_activity,pakbiyik deleted a task on this story,pakbiyik,2021-02-23T18:16:04Z
177033817,task_delete_activity,pakbiyik deleted a task on this story,pakbiyik,2021-02-23T18:16:03Z
177033817,task_delete_activity,pakbiyik deleted a task on this story,pakbiyik,2021-02-23T18:16:03Z
177033817,task_delete_activity,pakbiyik deleted a task on this story,pakbiyik,2021-02-23T18:16:02Z
177033817,task_delete_activity,pakbiyik deleted a task on this story,pakbiyik,2021-02-23T18:15:57Z
177033817,story_update_activity,pakbiyik edited this feature,pakbiyik,2021-02-23T18:15:44Z
177033817,story_update_activity,pakbiyik estimated this feature as 3 points,pakbiyik,2021-02-23T18:10:19Z
177033817,story_update_activity,pakbiyik edited this feature,pakbiyik,2021-02-23T18:10:00Z
177033817,comment_update_activity,pakbiyik edited this comment,pakbiyik,2021-02-23T18:08:02Z
177033817,comment_update_activity,pakbiyik edited this comment,pakbiyik,2021-02-23T18:07:22Z
177033817,comment_update_activity,pakbiyik edited this comment,pakbiyik,2021-02-23T18:06:55Z
177033727,comment_update_activity,pakbiyik edited this comment,pakbiyik,2021-02-23T17:51:49Z
177033727,comment_create_activity,"pakbiyik added comment: ""Given the customer service button at the footer, when the user wants to submit a complaint about a seller, they can enter their contact information and a message to the customer service. (To test this,  we do unit tests and system tests to make sure the code executes properly without any defect)""",pakbiyik,2021-02-23T17:37:23Z
177033817,comment_create_activity,"pakbiyik added comment: ""Given Location and item search bar, when user enters the location and the item that they are interested in, then the user can filter and see the items in their local area. (To test this,  we do units test and system tests to make sure there are no defects and the website runs successfully)""",pakbiyik,2021-02-23T16:59:56Z
177033727,task_update_activity,"pakbiyik rewrote task: ""Create customer service class in Python flask-1hr""",pakbiyik,2021-02-22T06:25:23Z
177033817,task_update_activity,"pakbiyik rewrote task: ""Create clear and easy to use website-3hr""",pakbiyik,2021-02-22T06:22:25Z
177033817,task_update_activity,"pakbiyik moved task: ""Create clear and easy to use website-3hr""",pakbiyik,2021-02-22T06:16:24Z
177033817,task_create_activity,"pakbiyik added task: ""Create clear and easy to use website-3hr""",pakbiyik,2021-02-22T06:16:21Z
177033817,task_create_activity,"pakbiyik added task: ""Fix any bugs or defects-1hr""",pakbiyik,2021-02-22T06:12:49Z
177033817,task_update_activity,"pakbiyik moved task: ""Fix the defects if any-1hr""",pakbiyik,2021-02-22T06:12:26Z
177033817,task_create_activity,"pakbiyik added task: ""Fix the defects if any-1hr""",pakbiyik,2021-02-22T06:12:23Z
177033817,task_update_activity,"pakbiyik rewrote task: ""Integrate everything and do testing-1hr""",pakbiyik,2021-02-22T06:11:32Z
177033817,task_update_activity,"pakbiyik rewrote task: ""Unit test - 1hr""",pakbiyik,2021-02-22T06:11:21Z
177033727,task_update_activity,"pakbiyik rewrote task: ""Unit test to see if the customer service button works-1hr""",pakbiyik,2021-02-22T06:10:59Z
177033727,task_create_activity,"pakbiyik added task: ""Unit test to see if the customer service button works-1hr""",pakbiyik,2021-02-22T06:09:20Z
177033727,task_update_activity,"pakbiyik rewrote task: ""Create a new page and add user name, last name, email and message box for customers to fill up when they want to submit a complaint-2hr""",pakbiyik,2021-02-22T06:08:38Z
177033727,task_create_activity,"pakbiyik added task: ""Create a new page and add user name, last name, email and message box for customers to fill up when they want to submit a complaint-2hr""",pakbiyik,2021-02-22T06:08:14Z
177033727,task_create_activity,"pakbiyik added task: ""Edit frontend and Create a Customer Service button at the footer""",pakbiyik,2021-02-22T06:05:29Z
177033727,task_create_activity,"pakbiyik added task: ""Edit backend and create customer service class.""",pakbiyik,2021-02-22T05:57:18Z
177033817,task_create_activity,"pakbiyik added task: ""Integrate everything and do testing-1hr""",pakbiyik,2021-02-22T05:46:47Z
177033817,task_create_activity,"pakbiyik added task: ""Unit test - 1hr""",pakbiyik,2021-02-22T05:46:17Z
177033817,story_create_activity,pakbiyik added this feature,pakbiyik,2021-02-22T04:49:03Z
22915864,label_create_activity,"pakbiyik created labels: ""user friendly website""",pakbiyik,2021-02-22T04:49:03Z
177033727,story_update_activity,pakbiyik estimated this feature as 2 points,pakbiyik,2021-02-22T04:26:26Z
177033727,story_update_activity,pakbiyik estimated this feature as 1 point,pakbiyik,2021-02-22T04:26:03Z
177033727,story_update_activity,pakbiyik edited this feature,pakbiyik,2021-02-22T04:25:38Z
22915852,label_create_activity,"pakbiyik created labels: ""user complaint""",pakbiyik,2021-02-22T04:25:37Z
177033727,story_create_activity,pakbiyik added this feature,pakbiyik,2021-02-22T04:24:28Z
176953774,story_update_activity,Jungwoo Hwang edited this feature,Jungwoo Hwang,2021-02-21T04:45:07Z
177027212,story_move_activity,fengche2 moved this story after 'Password Security',fengche2,2021-02-20T09:46:43Z
177027212,story_create_activity,fengche2 added this feature,fengche2,2021-02-20T09:46:40Z
177027182,story_move_activity,fengche2 moved this story after 'Sign up',fengche2,2021-02-20T09:26:30Z
177027182,story_update_activity,fengche2 unstarted this feature,fengche2,2021-02-20T09:26:18Z
177027182,story_update_activity,fengche2 started this feature,fengche2,2021-02-20T09:25:45Z
177027182,story_update_activity,fengche2 edited this feature,fengche2,2021-02-20T09:21:48Z
177027182,story_move_activity,fengche2 moved this story after 'Sign up',fengche2,2021-02-20T09:20:51Z
177027182,story_create_activity,fengche2 added this feature,fengche2,2021-02-20T09:20:43Z
22915073,label_create_activity,"fengche2 created labels: ""security""",fengche2,2021-02-20T09:20:42Z
177011283,task_create_activity,"dtiyekba added task: ""Create the project class - 0.5h""",dtiyekba,2021-02-19T04:00:55Z
177011182,task_create_activity,"dtiyekba added task: ""Create the project class - 0.5h""",dtiyekba,2021-02-19T04:00:46Z
177011182,task_create_activity,"dtiyekba added task: ""Add option ""sort by lowest price"" when sort icon is clicked and style it - 0.5h""",dtiyekba,2021-02-19T03:57:28Z
177011182,task_update_activity,"dtiyekba rewrote task: ""Add ""sort"" icon and style it - 0.5h""",dtiyekba,2021-02-19T03:56:57Z
177011182,task_create_activity,"dtiyekba added task: ""Add ""sort"" icon and style it - 0.5h""",dtiyekba,2021-02-19T03:56:49Z
177011283,task_create_activity,"dtiyekba added task: ""Write unit test - 1h""",dtiyekba,2021-02-19T03:56:16Z
177011283,task_create_activity,"dtiyekba added task: ""Add UI in form of temperature that changes the color from red to blue based on the rating - 1h""",dtiyekba,2021-02-19T03:56:04Z
177011283,task_create_activity,"dtiyekba added task: ""Add the logic to add review to other reviews of this particular seller to calculate the average review and display it - 1h""",dtiyekba,2021-02-19T03:55:32Z
177011283,task_create_activity,"dtiyekba added task: ""Create submit button and style it -0.5h""",dtiyekba,2021-02-19T03:54:10Z
177011283,task_update_activity,"dtiyekba rewrote task: ""Create a textbox for feedback and style it - 0.5h""",dtiyekba,2021-02-19T03:53:54Z
177011283,task_update_activity,"dtiyekba rewrote task: ""Create review button and style it - 0.5h""",dtiyekba,2021-02-19T03:53:30Z
177011283,task_update_activity,"dtiyekba rewrote task: ""Create 0-100 range list and style it - 0.5h""",dtiyekba,2021-02-19T03:53:25Z
177011283,task_update_activity,"dtiyekba rewrote task: ""Create review button - 0.5h""",dtiyekba,2021-02-19T03:52:51Z
177011283,task_update_activity,"dtiyekba rewrote task: ""Create review button - 1h""",dtiyekba,2021-02-19T03:52:36Z
177011182,story_update_activity,dtiyekba edited this feature,dtiyekba,2021-02-19T03:51:33Z
177011283,story_update_activity,dtiyekba edited this feature,dtiyekba,2021-02-19T03:51:20Z
4731175,epic_create_activity,dtiyekba added this epic,dtiyekba,2021-02-19T03:50:59Z
22913193,label_create_activity,"dtiyekba created labels: ""user review""",dtiyekba,2021-02-19T03:50:58Z
177011182,comment_update_activity,dtiyekba edited this comment,dtiyekba,2021-02-19T03:50:37Z
4731174,epic_create_activity,dtiyekba added this epic,dtiyekba,2021-02-19T03:50:29Z
22913192,label_create_activity,"dtiyekba created labels: ""items sorting""",dtiyekba,2021-02-19T03:50:29Z
177011182,comment_create_activity,"dtiyekba added comment: ""Given the user clicked on ""Sort"" icon,
when they click on ""sort by lowest price"",
then items are listed by price from lowest to highest.""",dtiyekba,2021-02-19T03:48:41Z
177011283,comment_update_activity,dtiyekba edited this comment,dtiyekba,2021-02-19T03:46:19Z
177011283,task_delete_activity,dtiyekba deleted a task on this story,dtiyekba,2021-02-19T03:46:14Z
177011283,task_create_activity,"dtiyekba added task: ""Verify from the database that the user indeed """,dtiyekba,2021-02-19T03:46:11Z
177011283,comment_create_activity,"dtiyekba added comment: ""Given a user chose the rating from 0 to 100, when they click on the ""provide additional feedback:, they will be presented  a textbox to add feedback with the submit button below that.""",dtiyekba,2021-02-19T03:45:43Z
177011283,story_update_activity,dtiyekba estimated this feature as 2 points,dtiyekba,2021-02-19T03:39:22Z
177011283,story_create_activity,dtiyekba added this feature,dtiyekba,2021-02-19T03:39:04Z
177011182,story_create_activity,dtiyekba added this feature,dtiyekba,2021-02-19T03:33:54Z
176929293,task_update_activity,"Eli Curme rewrote task: ""Implement back end functionality to validate credentials - 2h""",Eli Curme,2021-02-18T14:04:38Z
176929438,task_create_activity,"Eli Curme added task: ""Add option to attach photo on product form - 2h""",Eli Curme,2021-02-18T14:04:08Z
176929438,task_update_activity,"Eli Curme rewrote task: ""Create front end page for sell product form - 2h""",Eli Curme,2021-02-18T14:03:50Z
176929438,task_update_activity,"Eli Curme rewrote task: ""Add back end functionality to accept the inputs, create a new item object, and adds it to the inventory data so it becomes viewable to others - 3h""",Eli Curme,2021-02-18T14:03:45Z
176929438,comment_update_activity,Eli Curme edited this comment,Eli Curme,2021-02-18T14:02:11Z
176929293,task_update_activity,"Eli Curme rewrote task: ""Implement back end functionality to validate credentials - 1h""",Eli Curme,2021-02-18T14:01:15Z
176929293,comment_update_activity,Eli Curme edited this comment,Eli Curme,2021-02-18T14:00:48Z
176953989,story_update_activity,Jungwoo Hwang edited this feature,Jungwoo Hwang,2021-02-17T20:56:52Z
176953989,task_update_activity,"Jungwoo Hwang rewrote task: ""Integration and Testing - 4h""",Jungwoo Hwang,2021-02-17T19:33:01Z
176953989,story_create_activity,Jungwoo Hwang added this feature,Jungwoo Hwang,2021-02-16T01:10:07Z
176953774,task_update_activity,"Jungwoo Hwang rewrote task: ""Create front-end main page - 1h""",Jungwoo Hwang,2021-02-16T01:05:02Z
176953774,task_update_activity,"Jungwoo Hwang rewrote task: ""Integration of front-end and back-end - unknown""",Jungwoo Hwang,2021-02-16T01:04:59Z
176953774,task_update_activity,"Jungwoo Hwang rewrote task: ""Implement back-end search engine - unknown""",Jungwoo Hwang,2021-02-16T01:04:50Z
176953774,task_update_activity,"Jungwoo Hwang rewrote task: ""Implement back-end search engine - 10h""",Jungwoo Hwang,2021-02-16T01:04:38Z
176953774,task_update_activity,"Jungwoo Hwang rewrote task: ""Create front-end search engine in header -0.5h""",Jungwoo Hwang,2021-02-16T01:04:26Z
176953774,task_update_activity,"Jungwoo Hwang rewrote task: ""Create front-end main page - 2h""",Jungwoo Hwang,2021-02-16T01:04:14Z
176953774,story_move_activity,Jungwoo Hwang moved this story before 'Post item for sale',Jungwoo Hwang,2021-02-16T00:37:23Z
176953774,story_create_activity,Jungwoo Hwang added this feature,Jungwoo Hwang,2021-02-16T00:36:46Z
176929438,task_create_activity,"Eli Curme added task: ""Add back end functionality to accept the inputs, create a new item object, and adds it to the inventory data so it becomes viewable to others - 3h""",Eli Curme,2021-02-12T21:27:16Z
176929438,task_create_activity,"Eli Curme added task: ""Create front end page for sell product form - 2h""",Eli Curme,2021-02-12T21:26:23Z
176929438,story_create_activity,Eli Curme added this feature,Eli Curme,2021-02-12T21:24:44Z
176929293,story_create_activity,Eli Curme added this feature,Eli Curme,2021-02-12T21:14:32Z
2487103,project_membership_update_activity,Jungwoo Hwang updated their profile,Jungwoo Hwang,2021-02-03T23:14:28Z
2487103,project_membership_update_activity,Eli Curme updated their profile,Eli Curme,2021-02-01T13:19:40Z
,project_membership_create_activity,"Yuting Zhang added new members: pakbiyik, Jungwoo Hwang, dtiyekba, Eli Curme, szhen, fengche2",Yuting Zhang,2021-02-01T03:08:07Z
,project_membership_create_activity,"Yuting Zhang added new members: pakbiyik, Jungwoo Hwang, dtiyekba, Eli Curme, szhen, fengche2",Yuting Zhang,2021-02-01T03:08:07Z
,project_membership_create_activity,"Yuting Zhang added new members: pakbiyik, Jungwoo Hwang, dtiyekba, Eli Curme, szhen, fengche2",Yuting Zhang,2021-02-01T03:08:07Z
,project_membership_create_activity,"Yuting Zhang added new members: pakbiyik, Jungwoo Hwang, dtiyekba, Eli Curme, szhen, fengche2",Yuting Zhang,2021-02-01T03:08:07Z
,project_membership_create_activity,"Yuting Zhang added new members: pakbiyik, Jungwoo Hwang, dtiyekba, Eli Curme, szhen, fengche2",Yuting Zhang,2021-02-01T03:08:07Z
,project_membership_create_activity,"Yuting Zhang added new members: pakbiyik, Jungwoo Hwang, dtiyekba, Eli Curme, szhen, fengche2",Yuting Zhang,2021-02-01T03:08:07Z
